{
	"system" : {
		"platform" : "windows64",
		"os_name" : "Windows 10",
		"os_version" : "10.0"
	},
	"error" : {
		"executable" : "quartus",
		"comment" : "none",
		"error_message" : "Access Violation at 0X00000000614AD4B6",
		"source_file" : "unknown",
		"line" : "0",
		"stack_trace" : "\t 0x614ad4b5: QtGui4 + 0x5d4b5 (??1QWidget@@UEAA@XZ + 0x4a5)\n\t 0x614adab5: QtGui4 + 0x5dab5 (??1QWidgetPrivate@@UEAA@XZ + 0x1c5)\n\t 0x627df752: QtCore4 + 0x11f752 (?deleteChildren@QObjectPrivate@@QEAAXXZ + 0xa2)\n\t 0x614ad7b7: QtGui4 + 0x5d7b7 (??1QWidget@@UEAA@XZ + 0x7a7)\n\t0x7ffe094ee10b: SYS_QUI + 0x3e10b (??_EQUI_MDI_SUB_WND@@UEAAPEAXI@Z + 0x6b)\n\t 0x627e0c94: QtCore4 + 0x120c94 (?event@QObject@@UEAA_NPEAVQEvent@@@Z + 0xa4)\n\t 0x614b27f2: QtGui4 + 0x627f2 (?event@QWidget@@MEAA_NPEAVQEvent@@@Z + 0xd42)\n\t 0x61472c55: QtGui4 + 0x22c55 (?notify_helper@QApplicationPrivate@@QEAA_NPEAVQObject@@PEAVQEvent@@@Z + 0xf5)\n\t 0x614728ef: QtGui4 + 0x228ef (?notify@QApplication@@UEAA_NPEAVQObject@@PEAVQEvent@@@Z + 0x17bf)\n\t 0x627cec4b: QtCore4 + 0x10ec4b (?notifyInternal@QCoreApplication@@AEAA_NPEAVQObject@@PEAVQEvent@@@Z + 0x7b)\n\t 0x627d0822: QtCore4 + 0x110822 (?sendPostedEvents@QCoreApplicationPrivate@@SAXPEAVQObject@@HPEAVQThreadData@@@Z + 0x2b2)\n\t 0x626e8868: QtCore4 + 0x28868 (?q_func@QObjectPrivate@@AEAAPEAVQObject@@XZ + 0x198)\n\t 0x626e9b60: QtCore4 + 0x29b60 (?terminate@QThread@@QEAAXXZ + 0xa0)\n\t0x7ffe46b08e90: sld_redq + 0x8e90 (??1REDQ_NODE_WIDGET@@UEAA@XZ + 0xb0)\n\t0x7ffe46b09ec3: sld_redq + 0x9ec3 (??_EREDQ_NODE_WIDGET@@UEAAPEAXI@Z + 0x13)\n\t0x7ffe46b08d4e: sld_redq + 0x8d4e (??1REDQ_DEVICE_WIDGET@@UEAA@XZ + 0xbe)\n\t0x7ffe46b09bf3: sld_redq + 0x9bf3 (??_EREDQ_DEVICE_WIDGET@@UEAAPEAXI@Z + 0x13)\n\t0x7ffe46b0907e: sld_redq + 0x907e (??1REDQ_WIDGET@@UEAA@XZ + 0x3e)\n\t0x7ffe46b0a0d3: sld_redq + 0xa0d3 (??_EREDQ_WIDGET@@UEAAPEAXI@Z + 0x13)\n\t 0x627df752: QtCore4 + 0x11f752 (?deleteChildren@QObjectPrivate@@QEAAXXZ + 0xa2)\n\t 0x614ad7b7: QtGui4 + 0x5d7b7 (??1QWidget@@UEAA@XZ + 0x7a7)\n\t0x7ffe46b099f4: sld_redq + 0x99f4 (??_EQSplitter@@UEAAPEAXI@Z + 0x14)\n\t 0x627df752: QtCore4 + 0x11f752 (?deleteChildren@QObjectPrivate@@QEAAXXZ + 0xa2)\n\t 0x614ad7b7: QtGui4 + 0x5d7b7 (??1QWidget@@UEAA@XZ + 0x7a7)\n\t0x7ffe46b09e87: sld_redq + 0x9e87 (??_EREDQ_LAYOUT_WIDGET@@UEAAPEAXI@Z + 0x37)\n\t 0x627df752: QtCore4 + 0x11f752 (?deleteChildren@QObjectPrivate@@QEAAXXZ + 0xa2)\n\t 0x614ad7b7: QtGui4 + 0x5d7b7 (??1QWidget@@UEAA@XZ + 0x7a7)\n\t0x7ffe094d2cc4: SYS_QUI + 0x22cc4 (??1QUI_FRAME_WND@@UEAA@XZ + 0x454)\n\t0x7ffe46b09c47: sld_redq + 0x9c47 (??_EREDQ_FRAME_WND@@UEAAPEAXI@Z + 0x37)\n\t 0x627e0c94: QtCore4 + 0x120c94 (?event@QObject@@UEAA_NPEAVQEvent@@@Z + 0xa4)\n\t 0x614b27f2: QtGui4 + 0x627f2 (?event@QWidget@@MEAA_NPEAVQEvent@@@Z + 0xd42)\n\t 0x617ee830: QtGui4 + 0x39e830 (?event@QMainWindow@@MEAA_NPEAVQEvent@@@Z + 0x280)\n\t 0x61472c55: QtGui4 + 0x22c55 (?notify_helper@QApplicationPrivate@@QEAA_NPEAVQObject@@PEAVQEvent@@@Z + 0xf5)\n\t 0x614728ef: QtGui4 + 0x228ef (?notify@QApplication@@UEAA_NPEAVQObject@@PEAVQEvent@@@Z + 0x17bf)\n\t 0x627cec4b: QtCore4 + 0x10ec4b (?notifyInternal@QCoreApplication@@AEAA_NPEAVQObject@@PEAVQEvent@@@Z + 0x7b)\n\t 0x627d0822: QtCore4 + 0x110822 (?sendPostedEvents@QCoreApplicationPrivate@@SAXPEAVQObject@@HPEAVQThreadData@@@Z + 0x2b2)\n\t 0x627f4138: QtCore4 + 0x134138 (?processEvents@QEventDispatcherWin32@@UEAA_NV?$QFlags@W4ProcessEventsFlag@QEventLoop@@@@@Z + 0xb98)\n\t0x7ffe69755c0c: USER32 + 0x15c0c (CallWindowProcW + 0x3bc)\n\t0x7ffe69755601: USER32 + 0x15601 (DispatchMessageW + 0x1f1)\n\t 0x627f3982: QtCore4 + 0x133982 (?processEvents@QEventDispatcherWin32@@UEAA_NV?$QFlags@W4ProcessEventsFlag@QEventLoop@@@@@Z + 0x3e2)\n\t 0x614d2004: QtGui4 + 0x82004 (?openPopup@QApplicationPrivate@@QEAAXPEAVQWidget@@@Z + 0x204)\n\t 0x627cbb7b: QtCore4 + 0x10bb7b (?exec@QEventLoop@@QEAAHV?$QFlags@W4ProcessEventsFlag@QEventLoop@@@@@Z + 0x22b)\n\t 0x627ce18f: QtCore4 + 0x10e18f (?exec@QCoreApplication@@SAHXZ + 0xdf)\n\t0x7ff709a4198b: quartus + 0x198b (?qgq_main@@YAHHPEAPEBD@Z + 0x8b)\n\t0x7ffe4bf633a8: CCL_MSG + 0x133a8 (?msg_main_thread@@YAPEAXPEAX@Z + 0x18)\n\t0x7ffe4bf64bae: CCL_MSG + 0x14bae (?msg_thread_wrapper@@YAPEAXP6APEAXPEAX@Z0@Z + 0x6e)\n\t0x7ffe4c116af0: ccl_mem + 0x16af0 (?mem_thread_wrapper@@YAPEAXP6APEAXPEAX@Z0@Z + 0x70)\n\t0x7ffe4bf62c41: CCL_MSG + 0x12c41 (?msg_exe_main@@YAHHPEAPEBDP6AHH0@Z@Z + 0xa1)\n\t0x7ff709a42777: quartus + 0x2777 (WinMain + 0x127)\n\t0x7ff709a41f40: quartus + 0x1f40 (__tmainCRTStartup + 0x148)\n\t0x7ffe67b77bd3: KERNEL32 + 0x17bd3 (BaseThreadInitThunk + 0x13)\n\t0x7ffe6998ce50: ntdll + 0x6ce50 (RtlUserThreadStart + 0x20)\n",
		"subsystem" : "unknown"
	},
	"quartus" : {
		"quartus_bits" : "64",
		"version" : "19.1.0",
		"build" : "670",
		"edition" : "Lite Edition"
	}
}